"box_id","address","value","creation_height","settlement_height","date"
"6e143e27ffc7931e80d0fae6361df7c587d644c1d734a8943a28d202e0ba3488","88dhgzEuTXaPymW8s7KtcdVjx1crhcnn9Bgv9Z8FwyE2XZNKBNEUxLNg4gXWtuLQzHqmSrc18ngWQVUH",67500000000,18,18,"2019-07-01 11:05:41+00"
"4c239cf7979aee09b51075edf22f7ec992129b2e135a943bc7aa20ce9a822e5f","9f9oywrpfnBiZ3xLUV8KxLyBqxgEYyFYjCHL6Bva4YPKRwJyQXB",505900000,16775,16777,"2019-07-24 17:15:54+00"
"29483fe64faa5158ca935237d1094aad5fd063e2127582378240178d1c4851ce","9i2wPc9fgtPpXrabTQeho7KUxzXqTB8iJFjr6X3V1hVf4GkH8ww",510000000,17397,17399,"2019-07-25 13:25:34+00"
"c158255c3e900e104ea32db56f3fb263428cd820bf10da26fc7c6d63b7569662","9fZ4wvGNVnsgSZ4BWARcnnZyoDcsSrXZbTyww8wjRfomhZuHqjo",5000000000,45233,45235,"2019-09-02 07:06:38+00"
"4883f580646dbcda010f0420fe53e9e22d5a9be8dbfb3426bc6155a068a30ef4","9fQyGLRHWfHY3t1aCHJXE4Wq2mUhAts6bngmJ19ZBy2iS4BwksT",859000000,56952,56958,"2019-09-18 10:17:36+00"
"cd92d257ee2421b75ef9f7dd12e334bdd70df3646b466fd58dfd1240a09f32a1","9f2jcHgXDTqaSbpVcz18EoURdwXfLfJmKa3rJ2vQCtPqL3Uz23T",200000000,57027,57029,"2019-09-18 12:39:08+00"
"7d4e329e1c3ea9988da2a11eff65bb8d8bcfe98e1f2ea45b82ecda448a585438","9hEE5WbJdaR337Q5ereCpfbVzyv1cozPbgQpVZ4iRe3nrYfWH5q",100000,46640,46642,"2019-09-04 07:51:36+00"
"fd865b218e24d6c1d0627cf67588f4968a81d6e25c84d31becf5f004e3bd9ed5","88dhgzEuTXaPyyM4rt6HU4Lkv6sW7hrsSzUb7N8dKfR133ohHAC8hUshfXrwnP2b2VUK9vhCsY5AZJk6",67500000000,91592,91592,"2019-11-05 14:43:11+00"
"328249ceddd2dc43bde86bac29ff65db06b934dfb7d5edcbdf52cbffcd210278","88dhgzEuTXaPyyM4rt6HU4Lkv6sW7hrsSzUb7N8dKfR133ohHAC8hUshfXrwnP2b2VUK9vhCsY5AZJk6",67500000000,64748,64748,"2019-09-29 14:19:12+00"
"7ba96bb471f0575aacfdf3cdbbff9a119ab7ddce7ba563aad909ffbcc9243a9e","9fgmjSYLTZ49PcLZNvvfKJ5LWwB8XYZFPYMQUnm68siwdbbuuwV",111000000,87227,87229,"2019-10-30 13:06:50+00"
"1c46dba94541854792cb8e0062f111665b1b40b30c93b20e1a020e992af2aaa0","9fnuM6r75vc9ZWr1sM37YLmghCwWnBjvGnXEYGUPjcRhN3957z7",96942400,96844,96846,"2019-11-12 20:44:16+00"
"a384941f57551aac01b33abed5a8192d2376a87652a0fb293cfdc80173f228bf","9fyfJQUa2kNMByaNu1NwvXzuwUVAd2HUYYBFw3CMX2aSQNUCS44",100000000000,88802,88804,"2019-11-01 20:07:39+00"
"46ee9b581363a31fe311884ea105a901ebed19a42f59b8c909cc3e746796900f","9gBk8Wjm2oMjHbigeDuqCA1uDNFyJ1VoHsnYnWunet4oWZAjLgu",100000,127452,127454,"2019-12-25 11:33:08+00"
"c6ed610dbd42822eb0c2a9ac4947f4911c6a441cfb0a3e612c12051410f23f42","88dhgzEuTXaVHQ7ZWeiDhDhCrakgvjHALT6LaTBmFoJCnHNjqAXuqEHVpg3qecUVMjYM8LLiyJbPXjTD",1100000,121579,122301,"2019-12-18 13:26:03+00"
"d09904e98ffa72e48a412184abed0ea1cb256c20743d14830f81fb5f384a75d4","9ghmd4QqqMYVDsZ8t4bZFqDCGtM5dh5UQjakKGBPRWgsYzBN9CP",398000000,1000,4413,"2019-07-04 09:39:32+00"
"635bddd86e3c3f9e71da03b96c300811e23be45c6a420524771a9639d6aebb5b","9fDqwt7eFAEXf9cvnijFHbmEmC5c3NVCtwsEW1ti849KT5ETNFE",9000000,4461,4463,"2019-07-04 12:13:40+00"
"fd7492d110aab0696475de28010bb4eac35d32bdce015f4f5062af26d2e10e12","9etpQi3xzkZChpgB3zUKJs2eSVhxwbifJFsZjL7pvygiYwJY47o",996000000,5593,5597,"2019-07-06 18:46:10+00"
"df1837cbfd4a3d2ec99e0a4417a293ead184d82d91824a152fec662c8a7e9c09","9fLuWKGkrC8G64cU4dv9udskMSihjxhtWCckEqrr8jxBnvD5S9T",2280000,15992,15994,"2019-07-23 14:48:42+00"
"0f316935c6b5fb9d2bb81ca436c34b20d647469cff148a7b25a6427f6b9e29a6","88dhgzEuTXaPyyM4rt6HU4Lkv6sW7hrsSzUb7N8dKfR133ohHAC8hUshfXrwnP2b2VUK9vhCsY5AZJk6",67500000000,8197,8197,"2019-07-11 20:27:41+00"
"b501657ca4bba448340b781dda228c03e60eae31671c65d213f8605f9b5c860e","88dhgzEuTXaUFH5fTaswDfaZbfQ6tWociwn7boMzZK6xhMrwZLvCFkiEBQ7Q7sYrCGeDQRuveN6WPs7Z",67500000000,10523,10523,"2019-07-16 00:00:51+00"
"9827e121d72854ee5a12b7bb13dea3f810cf2923cfe29344f5b437d522067461","9fCYfBpkHrfATcYnpscYGjeC39D14cw7qjrUYpxwXFThp1pt1SA",29100000,32093,32096,"2019-08-14 16:17:23+00"
"1f9e2e566ccd5a49675a15ac324a6b130a95a0bae33dec71ed6df24a56a27984","9fCYfBpkHrfATcYnpscYGjeC39D14cw7qjrUYpxwXFThp1pt1SA",99000000,32725,32727,"2019-08-15 13:51:26+00"
"5a584b7bd086f94f2045f94a2695da87be0bd094b9303a6dee8ddc0101b35f51","9fCYfBpkHrfATcYnpscYGjeC39D14cw7qjrUYpxwXFThp1pt1SA",99000000,32764,32766,"2019-08-15 15:33:21+00"
"8a0eff8ca0759cfd7fadf7f472a5821507be40af5f0f6eac7d13c2417d05c77a","9giTRQvSaAjfSGXZgSV1jE6JyNPv8kYdGmxn3qDYT4cF6oTEumS",4993946720,36868,36880,"2019-08-21 18:51:32+00"
"f9a2054f93bb10a539d910b21332dcb1feed4c7a9c736484cbfec67ad1d706dd","88dhgzEuTXaRqsp2nZs1uBNYedZFyCwTp7hYjWk23xt1pysyA1Roe5XawKRa7Y3cf6x12vErz6Afsbuw",67500000000,33003,33003,"2019-08-15 23:44:56+00"
"092a8378628e6171dc173c58377b644a8d87252e0ca34212272e11fe4e612dd7","88dhgzEuTXaPyyM4rt6HU4Lkv6sW7hrsSzUb7N8dKfR133ohHAC8hUshfXrwnP2b2VUK9vhCsY5AZJk6",67500000000,46833,46833,"2019-09-04 14:39:21+00"
"49b0f682c3889010edb3d51b10bcc81964fde586b2df44533c1fc2157bf32d5a","9gmivCMDsmfiSeg6SWBvXSVwtobuEKBn6aVnJTA4SnN4TZgNYH9",3398700000,53471,53473,"2019-09-13 13:36:06+00"
"e2f8cf80166b8a09cbbf90acd4b7402b7e4fe5a051828c8d9bc94caec6c875bb","GB3kh2iv5KJX4cxunDmKLWjYLkQSMRhiJMpd46W4NhxrciWpeXdnJAbwcYHxcfQhUQ5UhpvyW74ngKbacxAy5FmQQZ3c4mXamLNeELqxv4m65WJbNfBtj7H4GdDXyTDs5Tf8p2JvSzQARkY3",60000000000,54222,54224,"2019-09-14 13:45:37+00"
"1c61889ab7d47ce1436fcf5a8cbb70803bb81b23db76668051713ec96a2acb77","9fyfJQUa2kNMByaNu1NwvXzuwUVAd2HUYYBFw3CMX2aSQNUCS44",998000000,54370,54372,"2019-09-14 18:25:53+00"
"916830cd81e0b0973b3b6bc2c53b89d5121ebf926cdd87c5bebd951acf6e6136","9fyfJQUa2kNMByaNu1NwvXzuwUVAd2HUYYBFw3CMX2aSQNUCS44",1000000,54370,54372,"2019-09-14 18:25:53+00"
"bd025a9e96f0118fa7e59eaab801cb9c33d28084bd74619c2d5ceabc67c7dfdf","9fQPwqmMAEQTesfPX2Gpe1hcFPfjta9SbWsK6ymdJfXJsmjbL3N",1456993000000,60290,60292,"2019-09-23 02:00:59+00"
"4d09c9b5334e7e5c7bb992576cc5cd6b4e331542e0d43d7e588ce904f9cf9b02","9fQPwqmMAEQTesfPX2Gpe1hcFPfjta9SbWsK6ymdJfXJsmjbL3N",20000000000,60772,60774,"2019-09-23 17:46:23+00"
"0cde48d0f8a78165569f009b46f38b1f11585f8d22aaafab27c21c2e1110006e","9gWKbgdrDhK2W4gBHFfXmuVomJeub99VVFs2PgE8mqbScDLWqVb",535600000,80360,80362,"2019-10-21 03:00:02+00"
"c650b8e18cb88574dd945bcae26c089e728dc6ab4d84ffac3ad340edb6204e81","9gX2d3ofwAHden2j3sgcmavdTRx7WiQKZwyAkaND227XJk5Su1t",1795000000,80360,80362,"2019-10-21 03:00:02+00"
"b6ec04b6a725ba916c3f3f3179ab27da6314770b63dd5b3dfb550e8d94915fe4","9gErU5dnb4ZxNMg1spc8DrGWCZy2JZp9v4pysfj9uC1A35aKK1N",1000000000,79222,82588,"2019-10-24 03:58:51+00"
"849b988561b47fa0b0ffec07fff6ad5d97a9c87512b7727c03c8c9069e09c85d","9gBk8Wjm2oMjHbigeDuqCA1uDNFyJ1VoHsnYnWunet4oWZAjLgu",100000,128922,128924,"2019-12-27 12:10:59+00"
"a8453044e1ac4d3b0bfbd2fc754c466d3470722840aaeb7eee9c421e036605f7","9gBk8Wjm2oMjHbigeDuqCA1uDNFyJ1VoHsnYnWunet4oWZAjLgu",100000,128927,128929,"2019-12-27 12:25:23+00"
"0e36458cf770272347896669c9d495a6713222039f4b2fb3f7086a7f0bbdd7cc","9gBk8Wjm2oMjHbigeDuqCA1uDNFyJ1VoHsnYnWunet4oWZAjLgu",100000,128946,128948,"2019-12-27 12:58:36+00"
"976c21fbd859cca4113a0711706c33b3d1f1052958a0196d61480f4b950fdf91","9f4QF8AD1nQ3nJahQVkMj8hFSVVzVom77b52JU7EW71Zexg6N8v",4981000000,130509,130511,"2019-12-29 16:30:52+00"
"eea4af57d5bb1fab2edb67fc7d280efc0239cc4a17fc39d0b92d84a77f4126f8","9gBk8Wjm2oMjHbigeDuqCA1uDNFyJ1VoHsnYnWunet4oWZAjLgu",100000,131065,131067,"2019-12-30 10:09:19+00"
"844b8fdb9896f92a453e348ac3c6a0439c77de0488bd5f23b01a0780908d91da","88dhgzEuTXaTxVjUMb1JRp1NN3cbXAn5vYE4P3HdTzhwwoi93QX49vyGsQ5HGg7vwKSEr4BAnmQob87d",67500000000,956,956,"2019-07-01 12:54:26+00"
"62bebcc1a382b4723e3457a731e05d8ae7925da692891419a0edb2d06d72fb24","88dhgzEuTXaTxVjUMb1JRp1NN3cbXAn5vYE4P3HdTzhwwoi93QX49vyGsQ5HGg7vwKSEr4BAnmQob87d",67500000000,685,685,"2019-07-01 12:24:36+00"
"350ae91061f4654a2153ae22f6beafbc21ec4522f61a7c9f513a4eacce99c90b","88dhgzEuTXaV1jc4QY3z9heeEEmTgXexfc1JhGZ9QKbS5aZNFpYh9CXfGWJ9SEFwUidHN5fCWjTVhD4r",67500000000,974,974,"2019-07-01 12:56:31+00"
"9c8898af49027e6d6b2c0165fc8aca8c492fdb03cbb0cae09800ff73f2adfe65","88dhgzEuTXaTxVjUMb1JRp1NN3cbXAn5vYE4P3HdTzhwwoi93QX49vyGsQ5HGg7vwKSEr4BAnmQob87d",67500000000,1034,1034,"2019-07-01 13:03:25+00"
"b8de021d48c106d0338825b6a0876b73d669549fd504f96b22f9ac247c7a737e","88dhgzEuTXaTxVjUMb1JRp1NN3cbXAn5vYE4P3HdTzhwwoi93QX49vyGsQ5HGg7vwKSEr4BAnmQob87d",67500000000,801,801,"2019-07-01 12:37:27+00"
"79b463613906429b3783986362bcc32f6329e7ee7ecc4ce84444b96f28d9e2a1","88dhgzEuTXaTxVjUMb1JRp1NN3cbXAn5vYE4P3HdTzhwwoi93QX49vyGsQ5HGg7vwKSEr4BAnmQob87d",67500000000,1154,1154,"2019-07-01 13:16:54+00"
"d7586b4fde6b86602a9773e9c689028bd8737970e3d03dbf19cc39191f9277a0","88dhgzEuTXaTxVjUMb1JRp1NN3cbXAn5vYE4P3HdTzhwwoi93QX49vyGsQ5HGg7vwKSEr4BAnmQob87d",67500000000,1171,1171,"2019-07-01 13:18:53+00"
"9851da0660534cd61ba546287224593e9d83a23c2e5ddaa69efffbacb2658bad","88dhgzEuTXaTxVjUMb1JRp1NN3cbXAn5vYE4P3HdTzhwwoi93QX49vyGsQ5HGg7vwKSEr4BAnmQob87d",67500000000,833,833,"2019-07-01 12:40:54+00"
"6952ea496374251b9e0e1901711eccf91971304645f52d8de4b5643c1c7dea9c","88dhgzEuTXaTxVjUMb1JRp1NN3cbXAn5vYE4P3HdTzhwwoi93QX49vyGsQ5HGg7vwKSEr4BAnmQob87d",67500000000,1184,1184,"2019-07-01 13:20:15+00"
"162c39e4d094fc12073fb09a8f7ecec438f0d5f94bb4bf9f5805ffa9cff56606","88dhgzEuTXaTxVjUMb1JRp1NN3cbXAn5vYE4P3HdTzhwwoi93QX49vyGsQ5HGg7vwKSEr4BAnmQob87d",67500000000,1201,1201,"2019-07-01 13:22:01+00"
"87345d30ef5473541253e46b4d7213883632c799e5bd3138c7bc9a17ac5ef9fd","88dhgzEuTXaTxVjUMb1JRp1NN3cbXAn5vYE4P3HdTzhwwoi93QX49vyGsQ5HGg7vwKSEr4BAnmQob87d",67500000000,1219,1219,"2019-07-01 13:23:50+00"
"78ea1d37c71e564947e73dc355abe19b7ca94595ce2752b4c7d9ba6ddc52789a","88dhgzEuTXaTxVjUMb1JRp1NN3cbXAn5vYE4P3HdTzhwwoi93QX49vyGsQ5HGg7vwKSEr4BAnmQob87d",67500000000,866,866,"2019-07-01 12:44:31+00"
"03177785fee19e79890c29fac922a9a98b2069c817a0f248226b9814b347b6a6","88dhgzEuTXaTxVjUMb1JRp1NN3cbXAn5vYE4P3HdTzhwwoi93QX49vyGsQ5HGg7vwKSEr4BAnmQob87d",67500000000,877,877,"2019-07-01 12:45:49+00"
"b4d9cdfe118e181eb1368d0c382b685f49f965e21452cc8d2f8b075f8ee2cb1c","88dhgzEuTXaTxVjUMb1JRp1NN3cbXAn5vYE4P3HdTzhwwoi93QX49vyGsQ5HGg7vwKSEr4BAnmQob87d",67500000000,880,880,"2019-07-01 12:46:07+00"
"04366deecadd69f2da0fdbde40cf9c1500bb65e2db1a5abfefd7f89c07b0afc4","88dhgzEuTXaTxVjUMb1JRp1NN3cbXAn5vYE4P3HdTzhwwoi93QX49vyGsQ5HGg7vwKSEr4BAnmQob87d",67500000000,881,881,"2019-07-01 12:46:11+00"
"4e6ffd8e673fb45f8d32660ee7d51f8d96eb6a47b8fa37bb6c32d530c0cfc85e","88dhgzEuTXaTxVjUMb1JRp1NN3cbXAn5vYE4P3HdTzhwwoi93QX49vyGsQ5HGg7vwKSEr4BAnmQob87d",67500000000,632,632,"2019-07-01 12:18:48+00"
"803c941128d358aba8118e8b620d9421274cb7df9fa28e5e2e56e514c92c0cde","88dhgzEuTXaTxVjUMb1JRp1NN3cbXAn5vYE4P3HdTzhwwoi93QX49vyGsQ5HGg7vwKSEr4BAnmQob87d",67500000000,643,643,"2019-07-01 12:19:55+00"
"06949bf6e43f8b3a7940c92e96cb4b8f3793e3acfd21b9992102e87bdb4e2547","88dhgzEuTXaTxVjUMb1JRp1NN3cbXAn5vYE4P3HdTzhwwoi93QX49vyGsQ5HGg7vwKSEr4BAnmQob87d",67500000000,910,910,"2019-07-01 12:49:22+00"
"321cb7e886d2a5c68d6146bec28e187c53fd2436962c5a3a390431c1c4867889","88dhgzEuTXaTxVjUMb1JRp1NN3cbXAn5vYE4P3HdTzhwwoi93QX49vyGsQ5HGg7vwKSEr4BAnmQob87d",67500000000,917,917,"2019-07-01 12:50:14+00"
"713a17a6a6bf20fe52f6c8bf9ff6182da0f0f47061f1591f36852837b731ceb4","88dhgzEuTXaTxVjUMb1JRp1NN3cbXAn5vYE4P3HdTzhwwoi93QX49vyGsQ5HGg7vwKSEr4BAnmQob87d",67500000000,929,929,"2019-07-01 12:51:25+00"
"961e20421d0a47d8515cfddac9252828d1b5fc3f657ceb59f9ac376870bf52e9","88dhgzEuTXaTxVjUMb1JRp1NN3cbXAn5vYE4P3HdTzhwwoi93QX49vyGsQ5HGg7vwKSEr4BAnmQob87d",67500000000,940,940,"2019-07-01 12:52:37+00"
"2430e914c024f89f44311f18b2feb91d2c2057c6e9afb048a5ef47f26f1853b3","88dhgzEuTXaTxVjUMb1JRp1NN3cbXAn5vYE4P3HdTzhwwoi93QX49vyGsQ5HGg7vwKSEr4BAnmQob87d",67500000000,1096,1096,"2019-07-01 13:10:17+00"
"f467389ea44a8dc4529d6b9100ab0e1583dd86eb869038bf7665f22a45907ec1","88dhgzEuTXaTxVjUMb1JRp1NN3cbXAn5vYE4P3HdTzhwwoi93QX49vyGsQ5HGg7vwKSEr4BAnmQob87d",67500000000,1138,1138,"2019-07-01 13:15:11+00"
"9f46e5b4aad9899d751a941f8a80b569fa1b9eb4cab6ff1882eacdbfcd90c33f","88dhgzEuTXaTxVjUMb1JRp1NN3cbXAn5vYE4P3HdTzhwwoi93QX49vyGsQ5HGg7vwKSEr4BAnmQob87d",67500000000,1211,1211,"2019-07-01 13:22:57+00"
"2cbd2f514d45e46be8a1f7fe2990bd7398f32ac0e74611d67d1d10dccd911d7f","88dhgzEuTXaTxVjUMb1JRp1NN3cbXAn5vYE4P3HdTzhwwoi93QX49vyGsQ5HGg7vwKSEr4BAnmQob87d",67500000000,1251,1251,"2019-07-01 13:27:23+00"
"57bfaae0b0926d78c043102d2010cab1094c80efe12436c46ed144803251f267","88dhgzEuTXaTxVjUMb1JRp1NN3cbXAn5vYE4P3HdTzhwwoi93QX49vyGsQ5HGg7vwKSEr4BAnmQob87d",67500000000,1561,1561,"2019-07-01 14:03:20+00"
"80b45b83fe6bc75f0499f7748ebb34819855c4fde182148bbc1de2ba6fb2b917","88dhgzEuTXaTxVjUMb1JRp1NN3cbXAn5vYE4P3HdTzhwwoi93QX49vyGsQ5HGg7vwKSEr4BAnmQob87d",67500000000,1577,1577,"2019-07-01 14:05:03+00"
"5750bcd545ec865f966858401d9e49fc11696e8875454786e685360fb5aa1a99","88dhgzEuTXaTxVjUMb1JRp1NN3cbXAn5vYE4P3HdTzhwwoi93QX49vyGsQ5HGg7vwKSEr4BAnmQob87d",67500000000,1580,1580,"2019-07-01 14:05:27+00"
"266d7730b96bb7a62cc62d26324f89c32c8e366f248a85fd9a25bb8274549375","88dhgzEuTXaTxVjUMb1JRp1NN3cbXAn5vYE4P3HdTzhwwoi93QX49vyGsQ5HGg7vwKSEr4BAnmQob87d",67500000000,1598,1598,"2019-07-01 14:07:26+00"
"61b55992e1e02ba65fe10ff28ef0fbc02b02d03db83d6486bcea4205c559a255","9hDYNeBdMogmvwUY5ifBhAQUdHSvBhX3FzmK28ofFNXXaUP9BjF",1000000000,5853,6015,"2019-07-07 14:51:58+00"
"fb0dfd715bc62d3942ee66452c18ad92d75f92018504ac19a6282eba1ff7aefa","88dhgzEuTXaSa41CbUQ7LX77eiZ1wXdHVte6DbsAAYgF9EXW7tKGJEE8oarUBo6DsNnnq85nj3aqVa8h",67500000000,2683,2683,"2019-07-01 19:27:48+00"
"302249a90782854182523991f1a74f1921072f284d6dcccb43dc9c10d3b7978c","88dhgzEuTXaTBG3tp491WNhoUz73Ab6FNSGrGiwfBqZDKvBm3ya6Wq2yMVCmepTj6gkPZr4WoVjpeZFH",67500000000,3201,3201,"2019-07-02 02:59:45+00"
"a26307f607dedc5e7fe919706242644b8bf6cea67d246c29bd26d7a0595c3c20","88dhgzEuTXaTBG3tp491WNhoUz73Ab6FNSGrGiwfBqZDKvBm3ya6Wq2yMVCmepTj6gkPZr4WoVjpeZFH",67500000000,3252,3252,"2019-07-02 04:49:55+00"
"9d14f7e87f610ff224b8a78ed1b8124a6ffbc4dcce99a2d62d3014331e77f2c0","9hwtoj57fX3NSPNdvcszq3JB1mkf5suyzvGmwR6RfAjHgpfsePy",497000000,4099,4101,"2019-07-03 18:46:32+00"
"2a30e14fe255c031342a3dabbeb63ae88618e48edef9bd8d2b246ea9e5c32639","9hkwGbcz95S4UApkSergL14Nh1zLi5RgwP7B9BMTBuCESWKpztu",2992000000,28233,28235,"2019-08-08 22:02:23+00"
"9141d05f7255665af7b04cd28d0c2498d6df04d23d443817d161d3f370bf5c27","9fCYfBpkHrfATcYnpscYGjeC39D14cw7qjrUYpxwXFThp1pt1SA",99000000,35437,35439,"2019-08-19 14:31:48+00"
"6e47a328ddbe426da309e9414bc6eeb66041edf0baf9c607bc8cee89a847b05c","9hR8SC8GcPfse8vScLZ6fNkn8JtaQZgnKziqoQ3H5SPCPtY5JgC",2000000,72051,72053,"2019-10-09 08:05:35+00"
"3e23be33b4250abf502abd00114589bc821a8bdc8244b3d6c1abdd048953e782","9hR8SC8GcPfse8vScLZ6fNkn8JtaQZgnKziqoQ3H5SPCPtY5JgC",2000000,72057,72059,"2019-10-09 08:15:51+00"
"957aea2cd467eeef2f683796bdb1b1b413d83457d6e5088700e194fe858e089f","88dhgzEuTXaPyyM4rt6HU4Lkv6sW7hrsSzUb7N8dKfR133ohHAC8hUshfXrwnP2b2VUK9vhCsY5AZJk6",67500000000,61110,61110,"2019-09-24 04:30:30+00"
"7d8f0c762e8684b5eff9b8e9e65f4c8e79fbd4b35cc6ffefc9d03528a5db8997","9hmJkuNzhLFnBWhwKTLYc2mhANbQWHRc5hH8Arr9JvxG1WJYZR2",100000,68574,68576,"2019-10-04 11:33:17+00"
"d5391dd1a51f8042053d28fbf0b1067a558a491b1270a8ec3803caddd3daefc8","8sZ2fVu5VUQKEmWt4xRRDBYzuw5aevhhziPBDGB",100000,70157,70159,"2019-10-06 13:50:09+00"
"27ad470c565fa72b4f078442f0f8d2dd66189739c78319c0914451457c4e5c34","9gLdz13mtRDpPmToos1cnirQ7Vex128mQKDBtthaxsuV1qbTsCF",3234600,119332,119335,"2019-12-14 20:07:29+00"
"a48767dfe01e4377b6cc32a3105a85f68cc1a0614e131d825463502edd677704","9f8NAW9sYmR9px9nvqbzURZ8W9Mk5UTDdZkjYbp1ZfTVcwvU8k1",1100000,123160,123883,"2019-12-20 11:10:07+00"
"6df9dbf08b4859b7e280afbd0822dcf20dba5bf8e3e33b78fe278df6597276f1","9hHDQb26AjnJUXxcqriqY1mnhpLuUeC81C4pggtK7tupr92Ea1K",2000000,125447,125449,"2019-12-22 14:37:45+00"
"9bddb721504c865d6d3d6c499d581960b2cb0cfd61eb9942fe0b178c69d87056","9gBk8Wjm2oMjHbigeDuqCA1uDNFyJ1VoHsnYnWunet4oWZAjLgu",100000,127500,127502,"2019-12-25 12:35:43+00"
"dfdfdcf71af5fdb6460045f1d8fcd5f4eb90d69fe5a559be18ad3f826ca94cde","9gBk8Wjm2oMjHbigeDuqCA1uDNFyJ1VoHsnYnWunet4oWZAjLgu",100000,128122,128124,"2019-12-26 09:55:37+00"
"cb81b8cf6d17fe363bd4709ba052f75d54420aeb9e8fc101958769b02bc62a91","9gBk8Wjm2oMjHbigeDuqCA1uDNFyJ1VoHsnYnWunet4oWZAjLgu",100000,128163,128165,"2019-12-26 11:10:19+00"
"c85b943a4ca3c381ce86be14c9b34f6a01df565e392128faeaecb1b88bb4c287","9gBk8Wjm2oMjHbigeDuqCA1uDNFyJ1VoHsnYnWunet4oWZAjLgu",200000,128168,128170,"2019-12-26 11:19:15+00"
"a91b4d79ccc11ea8adbddf60e6df258b38bc0157446d312f57425581a6a5fd2a","9gBk8Wjm2oMjHbigeDuqCA1uDNFyJ1VoHsnYnWunet4oWZAjLgu",100000,128181,128183,"2019-12-26 11:56:27+00"
"7367de5f995544939f8558819efc0f97adcaeb5e0696d0c399eaf66c0dae2788","9gBk8Wjm2oMjHbigeDuqCA1uDNFyJ1VoHsnYnWunet4oWZAjLgu",100000,128206,128208,"2019-12-26 12:27:22+00"
"ce1d3b2b0d996f45af6d99722159485560dab960af1379f4639242ef127a8420","9gBk8Wjm2oMjHbigeDuqCA1uDNFyJ1VoHsnYnWunet4oWZAjLgu",100000,128218,128220,"2019-12-26 12:42:05+00"
"a4072edc60c7e0f51e0dd95922fe671f2b2f7bfb8b8f987a39d820ea0158d094","88dhgzEuTXaTxVjUMb1JRp1NN3cbXAn5vYE4P3HdTzhwwoi93QX49vyGsQ5HGg7vwKSEr4BAnmQob87d",67500000000,973,973,"2019-07-01 12:56:26+00"
"11837d6512fb0feded5972f75ddf6555387ff541b07bc0b35affac3eb219e723","88dhgzEuTXaTxVjUMb1JRp1NN3cbXAn5vYE4P3HdTzhwwoi93QX49vyGsQ5HGg7vwKSEr4BAnmQob87d",67500000000,1033,1033,"2019-07-01 13:03:19+00"
"2924977d915a442c4e24313abf18d0879ba75cc84b580c8f067d1b7e91d1be52","88dhgzEuTXaTxVjUMb1JRp1NN3cbXAn5vYE4P3HdTzhwwoi93QX49vyGsQ5HGg7vwKSEr4BAnmQob87d",67500000000,757,757,"2019-07-01 12:33:03+00"
"a3c045e61e6b03e0a1727af01d54f10254b215247cc483d26a35791fae0cd229","88dhgzEuTXaTxVjUMb1JRp1NN3cbXAn5vYE4P3HdTzhwwoi93QX49vyGsQ5HGg7vwKSEr4BAnmQob87d",67500000000,761,761,"2019-07-01 12:33:30+00"
"8fb8c70d4c7dd0128c324c024054263fcf0f995f398aa67ae65d0b0972fea6ad","88dhgzEuTXaTxVjUMb1JRp1NN3cbXAn5vYE4P3HdTzhwwoi93QX49vyGsQ5HGg7vwKSEr4BAnmQob87d",67500000000,771,771,"2019-07-01 12:34:45+00"
"b187f6f1a08d07ac2a1a4aa56bb3db2f4e313c07915e28c1cba560d2a5fef716","88dhgzEuTXaTxVjUMb1JRp1NN3cbXAn5vYE4P3HdTzhwwoi93QX49vyGsQ5HGg7vwKSEr4BAnmQob87d",67500000000,1106,1106,"2019-07-01 13:11:36+00"
"8f1c0557fe542dcd6315bf55dd198fbd40956c32a4b16573f941622dcff0c923","88dhgzEuTXaTBG3tp491WNhoUz73Ab6FNSGrGiwfBqZDKvBm3ya6Wq2yMVCmepTj6gkPZr4WoVjpeZFH",67500000000,2028,2028,"2019-07-01 14:56:26+00"
"95d250011b34b2b26a5bbc6efd99fa9d9f0b881ea6489ce6a3ba1f1ebf6f0468","88dhgzEuTXaTxVjUMb1JRp1NN3cbXAn5vYE4P3HdTzhwwoi93QX49vyGsQ5HGg7vwKSEr4BAnmQob87d",67500000000,1153,1153,"2019-07-01 13:16:48+00"
"4df71957dd965f8c01547e6a7c367893af62ab52230b8ef340ec8c7d08b5897d","88dhgzEuTXaTxVjUMb1JRp1NN3cbXAn5vYE4P3HdTzhwwoi93QX49vyGsQ5HGg7vwKSEr4BAnmQob87d",67500000000,1172,1172,"2019-07-01 13:19:01+00"
"1a0096ab10657d2ef8aac25a3d516b8ed590f72a58cfe7432ca30a31af05919b","88dhgzEuTXaTxVjUMb1JRp1NN3cbXAn5vYE4P3HdTzhwwoi93QX49vyGsQ5HGg7vwKSEr4BAnmQob87d",67500000000,887,887,"2019-07-01 12:46:40+00"
"427b939a61056b7038ffc8df36f3b9ec1f042aca57405e6beba394e1ef7fdc50","88dhgzEuTXaV3BmdZxiACfQUe3wRKQQXRf7RoNrryixXWtFMqWwrpLZAecqGdm7LKVfNGHToxnBt9WhD",67500000000,3327,3327,"2019-07-02 07:56:46+00"
"4e5cbac62de1a85afdc7529f2206bd621669b496e38b0877868611a039c0030d","88dhgzEuTXaTxVjUMb1JRp1NN3cbXAn5vYE4P3HdTzhwwoi93QX49vyGsQ5HGg7vwKSEr4BAnmQob87d",67500000000,899,899,"2019-07-01 12:48:04+00"
"f2ffe1e069d623d159f3b1d6f90b62768b42692a6e19591cd7216f052081af72","88dhgzEuTXaTxVjUMb1JRp1NN3cbXAn5vYE4P3HdTzhwwoi93QX49vyGsQ5HGg7vwKSEr4BAnmQob87d",67500000000,902,902,"2019-07-01 12:48:24+00"
"f4dc2e4b8655eeea8dfdcd4a06173533071c82526ae27a5a41244a68b33fdb8b","88dhgzEuTXaTxVjUMb1JRp1NN3cbXAn5vYE4P3HdTzhwwoi93QX49vyGsQ5HGg7vwKSEr4BAnmQob87d",67500000000,1050,1050,"2019-07-01 13:05:24+00"
"28f8a5959fc1f25e66fd267058e2a4a180e2e838dd7d04ff668e4e018af6fed7","88dhgzEuTXaTxVjUMb1JRp1NN3cbXAn5vYE4P3HdTzhwwoi93QX49vyGsQ5HGg7vwKSEr4BAnmQob87d",67500000000,1053,1053,"2019-07-01 13:05:42+00"
"d3ea40ae721a320695ebd349cae0b151ab2e96f81bc5ca202604f77c57e9baf1","88dhgzEuTXaTxVjUMb1JRp1NN3cbXAn5vYE4P3HdTzhwwoi93QX49vyGsQ5HGg7vwKSEr4BAnmQob87d",67500000000,1092,1092,"2019-07-01 13:09:50+00"
"aec3e1cee599d08c06970730c46139ba46e659a912e75b09ea2f2edd00354d35","88dhgzEuTXaRzScDqVoPJt7Lcbrw4suEjQU44YmngP5axhhvdiiWViLuKDcyNGnNvNkMcg6sHXZqSvfW",67500000000,3359,3359,"2019-07-02 09:09:55+00"
"0f9d55f27183fb9596c9984d83345729b971dda79efd5287a8c2a17ed0cc6ca1","88dhgzEuTXaU2u1PuLPgztCJH8QpuNjR675boSKAtAX5rNNpLGMSnzyDvxSr5qTcmfGkdj74nzBZeHFs",67500000000,1541,1541,"2019-07-01 14:00:57+00"
"f27599e31d7b4782d14565431f3e5937ea194f0f400edf4649f0782275297c33","88dhgzEuTXaTxVjUMb1JRp1NN3cbXAn5vYE4P3HdTzhwwoi93QX49vyGsQ5HGg7vwKSEr4BAnmQob87d",67500000000,1583,1583,"2019-07-01 14:05:49+00"
"f96538da5cb1ba0ea1684bc857b28f1b9fe1ebdf39549ba351f7918196462883","88dhgzEuTXaVxhq4sQJzGx6r16GTQgFqbvjtzMeoiKz8HV7Mk5qUWeznoSXB91wa65cDrm61PptENnWw",67500000000,1922,1922,"2019-07-01 14:44:18+00"
"2132ef3e6bb9c8c6c5c23fef6c7ea50ef8db948da00a8f4b6cd35732b5e31d2c","9g2bnbYJnURYZaEXgPdAsEhRfovcxE2HuCMv49Ar4gRgtVptWcM",87999990,3606,3608,"2019-07-02 20:26:20+00"
"85837a700aa39964ccf2bf9cb96b288f5d97ef35579095fe800085492a369558","9hp52dWJkUNMm5aHm5mNg8wNyhHCZk7QaWVC5iN1nxjbL2k7jLs",100000000,31345,31347,"2019-08-13 13:32:28+00"
"547f88598dd098d331964e360c17b8448fc1c67c7fc5edc0cfb9a6d2cb5c1760","9fwcDL7zF3TAwgZV5KuESbmxP1kcHbULXaPLURP3NpUpj2whJwv",40100000000,27406,27409,"2019-08-07 19:47:50+00"
"027993a1eee43d489a5922a240cfacae839c899b4ff922ef5f1424fa5b0da090","9fwcDL7zF3TAwgZV5KuESbmxP1kcHbULXaPLURP3NpUpj2whJwv",40100000000,27852,27854,"2019-08-08 10:14:04+00"
"ad16432d007f2c66ad163f7915be9a91c2ac931e15259a346295e0b6eb3acfe2","9f1nDUu3EUM64VSY6haJUEcFtPrhXET26aEujKqGahgzahU2DFY",100000000,25415,25569,"2019-08-05 12:38:14+00"
"67aed6260bf79ef097ffc48fddaec947f283662be0a7cfeef97b6ec18ae06483","4MQyMKvMbnCJG3aJ",1000000,48114,48116,"2019-09-06 10:48:21+00"
"fc5daa945c6cc80b3773235a37077f2dbcfb2b5681c248d05ad7b1a7f7557776","9hR8SC8GcPfse8vScLZ6fNkn8JtaQZgnKziqoQ3H5SPCPtY5JgC",2000100,72068,72070,"2019-10-09 08:41:57+00"
"eb92b02bd09077735995a9599db2a067b4161be451363b277bbe5455d7831d4d","9hR8SC8GcPfse8vScLZ6fNkn8JtaQZgnKziqoQ3H5SPCPtY5JgC",1800000,72388,72391,"2019-10-09 19:34:46+00"
"7eddf3867a700c199e04c45d603c11a68ee64d98d2c228d8ae750f310e2b2397","9gBk8Wjm2oMjHbigeDuqCA1uDNFyJ1VoHsnYnWunet4oWZAjLgu",100000,131075,131079,"2019-12-30 10:28:55+00"
"27aa01674d06d58dffde1705eaa952ae26cdcaec38d2fc785f9be5c09c4eb64c","9iP3Pcd7xxeP6yvWsYQ3Y22qc98iC7MDAASSSZdyfu9XgbUJrxM",10000000,68559,68561,"2019-10-04 11:04:51+00"
"f539866d20a065c44838b4b14271dce54ebfe3a2f58adeac4bc31f992499eca8","9fRusAarL1KkrWQVsxSRVYnvWxaAT2A96cKtNn9tvPh5XUyCisr",100000,93710,93713,"2019-11-08 13:14:54+00"
"ec2ee5e20af7ab2707d5f5dcb38fc1c25c04e53c856ac696404604a6bc75a2b9","9fRusAarL1KkrWQVsxSRVYnvWxaAT2A96cKtNn9tvPh5XUyCisr",1820400000,93710,93713,"2019-11-08 13:14:54+00"
"2a05b1a4ff53af378b6b22f8701817863bb86f5f136ea05921d18d1c5150b749","9gN56ppUhtLbUZhagQJzbxJa2msqjGXe9pszmsrSDeM1snqfNgv",8999000000,97911,97913,"2019-11-14 08:18:18+00"
"b8aea14519fdde25382d7dedeeb204e962d822eb895bf105eec46017051df90b","9gBk8Wjm2oMjHbigeDuqCA1uDNFyJ1VoHsnYnWunet4oWZAjLgu",100000,127409,127411,"2019-12-25 09:43:52+00"
"ff58eb90192f18ed0d9f44acd269bdf0fb27158fb5ab8b34ce172d145afd39b3","9gBk8Wjm2oMjHbigeDuqCA1uDNFyJ1VoHsnYnWunet4oWZAjLgu",100000,127458,127460,"2019-12-25 11:43:36+00"
"b998b77d267036803449e4997b6552259f9c7c0c09ad7c0baebf848b3453199f","9gBk8Wjm2oMjHbigeDuqCA1uDNFyJ1VoHsnYnWunet4oWZAjLgu",100000,128128,128130,"2019-12-26 10:08:35+00"
"a5c86b5ea48ace49db8091a94269ff1ec2160378884708043340bc381be81fc9","9gBk8Wjm2oMjHbigeDuqCA1uDNFyJ1VoHsnYnWunet4oWZAjLgu",100000,128175,128177,"2019-12-26 11:36:02+00"
"42aa88878e645aab1634c33efc889635f4461406b64484d84d459460c58f9d41","9gBk8Wjm2oMjHbigeDuqCA1uDNFyJ1VoHsnYnWunet4oWZAjLgu",100000,128211,128213,"2019-12-26 12:32:36+00"
"1f1556ab4414dc310fbf1b2d955b83b0fe32c9e7c2455863475b63183655195c","9gBk8Wjm2oMjHbigeDuqCA1uDNFyJ1VoHsnYnWunet4oWZAjLgu",100000,128288,128290,"2019-12-26 15:57:31+00"
"cac59be3b31dcf6acc8668247a610c2bf749cf3aeb9554bee870e9e9fc348632","9gBk8Wjm2oMjHbigeDuqCA1uDNFyJ1VoHsnYnWunet4oWZAjLgu",100000,128872,128874,"2019-12-27 10:46:13+00"
"b77c743843813f4d09d05a4755ff4f5921734bbc7a449555013bcb4ea2fb38a3","9gBk8Wjm2oMjHbigeDuqCA1uDNFyJ1VoHsnYnWunet4oWZAjLgu",100000,128903,128906,"2019-12-27 11:31:22+00"
"3b1a11404b2c13fb2a5c1b532c179580169b83ede0f57f47168d9760526f206f","9eZM3ndkkQpSmwS1EZnBBDNbNPwpa1T1ftAhB1VHwao2ewZvzzX",100000,87966,87968,"2019-10-31 15:43:23+00"
"2956e9c10c682b5f73ae455cef0f26b13f4b8095284d6308e6b28ded23a6d26a","4MQyMKvMbnCJG3aJ",1000000,46096,46098,"2019-09-03 11:51:33+00"
"43d74707320976aa9f35b751e1405d249c5c0484f4f904333eb8dd5e0820c4fa","9hsz7Vu9dHMcvkqKVNzkkyxX1gkiaL8RgM6o1eCF4cdx8CGsG65",20000000000,42609,42611,"2019-08-29 09:21:02+00"
"61e939e007013472f6c93d1a5c01abbbbbb6eecea61a2c0c99a10ac13ee7ee5d","9hayStHGM6uQFMWV5S6pBmPpAJ4nM5ABUQxzrRmGhzUemxFhhtd",4000000,81189,81196,"2019-10-22 07:24:41+00"
"9c85b2a6d16cbac3e68ccb6c175b7cc1a3d7067c32728f5d884e28ccf92d4ba6","9gsBhLfzoiS2SnSoEF12uASYCE3dCaAKGWsGr4hwvAY4HDDhJrS",100000,87916,87919,"2019-10-31 13:39:33+00"
"c15791d667d033a512cd7d3e41339516aded720e2033cdfdcc69cf0b554d1c16","9gBk8Wjm2oMjHbigeDuqCA1uDNFyJ1VoHsnYnWunet4oWZAjLgu",100000,127398,127400,"2019-12-25 09:19:59+00"
"5039ae6b8a4ae13e08da07f24df580fcbee09a21c4bd0344b2d69797ed185dcb","9fqPbqtTbp9xeBsiZGwqJtgcigSMkjBAJdDmQueviGKeagnU42n",2000000000,121363,123258,"2019-12-19 15:47:01+00"
"d47f958b201dc7162f641f7eb055e9fa7a9cb65cc24d4447a10f86675fc58328","9hHDQb26AjnJUXxcqriqY1mnhpLuUeC81C4pggtK7tupr92Ea1K",1000000,123142,123144,"2019-12-19 12:28:52+00"
"62c08f954631de04e22d57058237855c490ac796a4995f9af01a44a10d74b7d1","88dhgzEuTXaSKFRfvryMbpN3L9izK7PPBLJTvvYsr4kPUyfKSrcPfzPUT6TZ33GwzQuE3gEgrgSUET6d",1000000,4209,4209,"2019-07-03 23:26:41+00"
"a68359dafa1ed6128c5f50681c2fede65250580b1888c40880aca4751ac3f758","9hBuVnuTqz1u54oPZ9VCJ6AGRC2DCurVGKdJri6nxSdk4R9TwTV",94000000,8845,8847,"2019-07-12 23:36:04+00"
"0f54c15edaf7ef95e2497e25c99ff31e5189575cae04f9a966fd54fefaa40005","88dhgzEuTXaTsehUaykaK9AisEAJ9ug1S47GonXihmoz4g8gXXc3j8k9H474a8XqYetYKzBYcciUxdqn",67500000000,10963,10963,"2019-07-16 16:32:26+00"
"873481f124a1fd35388e50a1edd89726695d11d7fd94930723ca13f92d475e07","9gvntmamtFBmkULfwzmX3iLdF4PPQu8AyPcoucq8FgRRu7EajSW",9900000000,12432,12434,"2019-07-18 20:31:20+00"
"528d61458f06962b57456de29cee772f749ea56e45a8b65bc232cf29e6fa3161","9goDsMswQmcCsqctafXeUgnZwbcL7D77QijmHcmkSPqDjDngYAT",30000000000,12814,12816,"2019-07-19 12:13:23+00"
"019c4d0d955d3d6174b4d0b9efa0935fe2ac9fd8155ff7c8c4722a265413fd97","9eaooywUszBk9Y1dkLK5tMaDf4baYRAMhPhZnLUQa3R4drA6n5a",7000000,26296,30385,"2019-08-12 04:06:43+00"
"d771b8bb893c20640e1e3d2ba5820a0d4ab0ef37465d75040cc6dc538b7fbde5","9fCYfBpkHrfATcYnpscYGjeC39D14cw7qjrUYpxwXFThp1pt1SA",29000000,32088,32090,"2019-08-14 16:08:45+00"
"d36c32a42e88b89692c11cb1d6a8385412948be1dc95e1bceb169e7d63c45260","9fCYfBpkHrfATcYnpscYGjeC39D14cw7qjrUYpxwXFThp1pt1SA",58100000,32098,32100,"2019-08-14 16:22:41+00"
"a0512f889f20a3f548447bda0e4a507a172c50f491a1ae5770178aaa3fa8d0d2","9fCYfBpkHrfATcYnpscYGjeC39D14cw7qjrUYpxwXFThp1pt1SA",110000000,36758,36760,"2019-08-21 13:33:39+00"
"e2b63a81b147c542756d52d231d6e2fae49cad59c4592b2a42b1a595a7d7338c","9fCYfBpkHrfATcYnpscYGjeC39D14cw7qjrUYpxwXFThp1pt1SA",99000000,32760,32762,"2019-08-15 15:23:07+00"
"1d3f352f6a234dbbab76b3e6cff00a3a44b949bd4f04a7ce1b26832a923f22d1","9ecWFzBkPmzS8FKKHff2P9iNBKUxexjtApDXNVKnzAAAPAwEx5G",1992000000,56206,56211,"2019-09-17 09:54:31+00"
"a2105b44a44ce1c5c0c40930e43e6e5169014b3dc5bcbfa71158983ab1e3eba6","88dhgzEuTXaUHawBuhHSBJBf4h9SNdJ76BiJLy4kBEHoSvHmx1JdrUf3AgtHDDg2EM97wAK22zHNb5PS",67500000000,73958,73958,"2019-10-12 06:24:50+00"
"422c3645b7b7f77a80aabfe23ef94c1d493ba3b5c82ee9c3115e070b124de24d","9gErU5dnb4ZxNMg1spc8DrGWCZy2JZp9v4pysfj9uC1A35aKK1N",867339000000,79222,82583,"2019-10-24 03:51:29+00"
"404985d58ce613dc7eb7977e8b38d323f3ea63115333523d90a6a81076552d61","9hMbcozbtFyMPjGzGam1YBVE2fx6piafnKufdj579C3Pgqvhxc2",2000000,119838,119840,"2019-12-15 12:42:08+00"
"2a09416af6f5b5cbf06a6270102094c7762cfc001f78b46e2377315cdd4786ca","9gBk8Wjm2oMjHbigeDuqCA1uDNFyJ1VoHsnYnWunet4oWZAjLgu",100000,128962,128964,"2019-12-27 13:34:44+00"
"fecfee596d86b228cac0de1a83e31e278a971e55404ce5b895da47de7bc1cb56","9gBk8Wjm2oMjHbigeDuqCA1uDNFyJ1VoHsnYnWunet4oWZAjLgu",100000,127482,127484,"2019-12-25 12:17:11+00"
"7a1cd41e26d87b2c9cc4f2f69a9c8f9c095018bf45994c3d8b8ddd16008470ae","9gBk8Wjm2oMjHbigeDuqCA1uDNFyJ1VoHsnYnWunet4oWZAjLgu",100000,128196,128198,"2019-12-26 12:13:24+00"
"e68a0be065444a91e73f92b5c874170cd698fefbdcc168fb38079cc7da865a74","9gBk8Wjm2oMjHbigeDuqCA1uDNFyJ1VoHsnYnWunet4oWZAjLgu",100000,128223,128225,"2019-12-26 12:57:56+00"
"f39c2401ba66c074f1769d7784eba17fad3bba10ff887755f10769cd6b333217","9gBk8Wjm2oMjHbigeDuqCA1uDNFyJ1VoHsnYnWunet4oWZAjLgu",300000,128228,128230,"2019-12-26 13:13:11+00"
"55014068a416ec69b989c42e51ecad88a21e6fba8975a6fd3995f5c712a5f85a","9fMPy1XY3GW4T6t3LjYofqmzER6x9cV21n5UVJTWmma4Y9mAW6c",91000000,96592,96594,"2019-11-12 12:26:31+00"
"433fec47352230c97fc01215450e58b0eb12e3c3b04131179ba3ffcb5cfab519","9eiGUGa7FzKxTVZM4R4MSGRHYJWK33t1AFo5em9KX8bCfHGXcUC",499000000,88520,88522,"2019-11-01 11:14:48+00"
"cd23436c8c6a298767602580c4d56db179c201ff6eb0f7eb5973b795f9879118","9gBk8Wjm2oMjHbigeDuqCA1uDNFyJ1VoHsnYnWunet4oWZAjLgu",100000,128133,128136,"2019-12-26 10:22:44+00"
"98115993414f21d070bb53ec737b443195c92e867790e93c4bf89abe7dfa542c","9gBk8Wjm2oMjHbigeDuqCA1uDNFyJ1VoHsnYnWunet4oWZAjLgu",100000,127551,127554,"2019-12-25 14:34:39+00"
"336d355f6f02a5e8ca304aa7b101da34e31d0678a6772ab13239d8170d19bcbc","88dhgzEuTXaTxVjUMb1JRp1NN3cbXAn5vYE4P3HdTzhwwoi93QX49vyGsQ5HGg7vwKSEr4BAnmQob87d",67500000000,678,678,"2019-07-01 12:23:46+00"
"fd25c701ac48aeb892f0ce3837cf0e66a8758d47a7b6339d36dfb259a65d7b3a","88dhgzEuTXaTxVjUMb1JRp1NN3cbXAn5vYE4P3HdTzhwwoi93QX49vyGsQ5HGg7vwKSEr4BAnmQob87d",67500000000,683,683,"2019-07-01 12:24:17+00"
"758bdf85e86fc4f97563d4edc24c87cc1d0b5b495d3fe2832589ac0d0ec4ec2d","88dhgzEuTXaTxVjUMb1JRp1NN3cbXAn5vYE4P3HdTzhwwoi93QX49vyGsQ5HGg7vwKSEr4BAnmQob87d",67500000000,697,697,"2019-07-01 12:26:07+00"
"78529979a52dacb3ce3d1c36ddcd52e2e1ed0aa23bd26be4bc7b919cfb9ab921","88dhgzEuTXaTxVjUMb1JRp1NN3cbXAn5vYE4P3HdTzhwwoi93QX49vyGsQ5HGg7vwKSEr4BAnmQob87d",67500000000,775,775,"2019-07-01 12:35:02+00"
"e15c20680aa77235f8ae1c4834463aa10d40aca70a95ba7bc5975df9e78bff4e","88dhgzEuTXaTxVjUMb1JRp1NN3cbXAn5vYE4P3HdTzhwwoi93QX49vyGsQ5HGg7vwKSEr4BAnmQob87d",67500000000,786,786,"2019-07-01 12:35:58+00"
"a54e09d3fae452c84883ebdcda8e518bf946476994025788cf704c10312a445b","88dhgzEuTXaTxVjUMb1JRp1NN3cbXAn5vYE4P3HdTzhwwoi93QX49vyGsQ5HGg7vwKSEr4BAnmQob87d",67500000000,790,790,"2019-07-01 12:36:15+00"
"6bdd75fb6a377052005702a2db63e4e47c671d3a3fbeaae2229440c9d645e8eb","88dhgzEuTXaTxVjUMb1JRp1NN3cbXAn5vYE4P3HdTzhwwoi93QX49vyGsQ5HGg7vwKSEr4BAnmQob87d",67500000000,795,795,"2019-07-01 12:36:57+00"
"1e667ef50adfc48f24e6fa4b968a345f4a5139bb9bdc805725aaf11950b15fd5","88dhgzEuTXaTxVjUMb1JRp1NN3cbXAn5vYE4P3HdTzhwwoi93QX49vyGsQ5HGg7vwKSEr4BAnmQob87d",67500000000,800,800,"2019-07-01 12:37:20+00"
"1471f8f52047876f65bf736db73532fb47970d5894fe60c6a5e274aae49a3289","88dhgzEuTXaTxVjUMb1JRp1NN3cbXAn5vYE4P3HdTzhwwoi93QX49vyGsQ5HGg7vwKSEr4BAnmQob87d",67500000000,817,817,"2019-07-01 12:39:16+00"
"c5de5e85a144b076abf13b68cac9f9f7d3bd0e8031a7f037334220a1e65fc981","88dhgzEuTXaTxVjUMb1JRp1NN3cbXAn5vYE4P3HdTzhwwoi93QX49vyGsQ5HGg7vwKSEr4BAnmQob87d",67500000000,1178,1178,"2019-07-01 13:19:31+00"
"866dabda29a450176c6cec102441a48539021350a4802c0bef921e5bc59d41bc","88dhgzEuTXaTxVjUMb1JRp1NN3cbXAn5vYE4P3HdTzhwwoi93QX49vyGsQ5HGg7vwKSEr4BAnmQob87d",67500000000,837,837,"2019-07-01 12:41:21+00"
"4ddb2166e05e95a032353d6022033dc8472784db3a59930adfddc799a46bd758","88dhgzEuTXaTxVjUMb1JRp1NN3cbXAn5vYE4P3HdTzhwwoi93QX49vyGsQ5HGg7vwKSEr4BAnmQob87d",67500000000,840,840,"2019-07-01 12:41:44+00"
"2b827305d650ca4f6026ce6b6b920a6db082e69c8b87663e52d5d9b73def6893","88dhgzEuTXaTxVjUMb1JRp1NN3cbXAn5vYE4P3HdTzhwwoi93QX49vyGsQ5HGg7vwKSEr4BAnmQob87d",67500000000,855,855,"2019-07-01 12:43:22+00"
"0a8893f910016e80fcff3f2797b4d57ad29f39f8962f53f0fb2ccf62ea8c0ba9","88dhgzEuTXaTxVjUMb1JRp1NN3cbXAn5vYE4P3HdTzhwwoi93QX49vyGsQ5HGg7vwKSEr4BAnmQob87d",67500000000,860,860,"2019-07-01 12:43:53+00"
"d3f127613a16257e85ec117f59eed2d1213a0c863f9a9689f005826217bbac20","88dhgzEuTXaTxVjUMb1JRp1NN3cbXAn5vYE4P3HdTzhwwoi93QX49vyGsQ5HGg7vwKSEr4BAnmQob87d",67500000000,903,903,"2019-07-01 12:48:29+00"
"91d4742d3d1745a8a573b0fc1226b0eba41ee5907b0f1335639045d0828a5773","88dhgzEuTXaTxVjUMb1JRp1NN3cbXAn5vYE4P3HdTzhwwoi93QX49vyGsQ5HGg7vwKSEr4BAnmQob87d",67500000000,957,957,"2019-07-01 12:54:30+00"
"5fcda6fce1ac60de4ca94a430e8b15bf7a51f8e22c24e93359a964fbe1a0cc00","88dhgzEuTXaTxVjUMb1JRp1NN3cbXAn5vYE4P3HdTzhwwoi93QX49vyGsQ5HGg7vwKSEr4BAnmQob87d",67500000000,976,976,"2019-07-01 12:56:40+00"
"20b33acd991f32184f501c88fbee0d3bd1fb422d716fa545986990ff2d8a4549","88dhgzEuTXaTxVjUMb1JRp1NN3cbXAn5vYE4P3HdTzhwwoi93QX49vyGsQ5HGg7vwKSEr4BAnmQob87d",67500000000,981,981,"2019-07-01 12:57:25+00"
"44f0ecfb15e08abe233f4d985432f98519c2ffe5f4352bdc3eb61e1e4039b9df","88dhgzEuTXaTxVjUMb1JRp1NN3cbXAn5vYE4P3HdTzhwwoi93QX49vyGsQ5HGg7vwKSEr4BAnmQob87d",67500000000,1212,1212,"2019-07-01 13:23:00+00"
"e7d346d2896df978918556dc175777af39ffe06fc7227acce2aa2e1e1e8a331c","88dhgzEuTXaTxVjUMb1JRp1NN3cbXAn5vYE4P3HdTzhwwoi93QX49vyGsQ5HGg7vwKSEr4BAnmQob87d",67500000000,1573,1573,"2019-07-01 14:04:30+00"
"f35f427658c8ddf4665d7f282a8d9e50af3cd163e08c5a584c6c0d506b98e73e","88dhgzEuTXaTxVjUMb1JRp1NN3cbXAn5vYE4P3HdTzhwwoi93QX49vyGsQ5HGg7vwKSEr4BAnmQob87d",67500000000,1618,1618,"2019-07-01 14:09:21+00"
"36b11512ba16ce17909dda1a4b2a5a382f916c3f4ad4350b07851b654e2a1f74","88dhgzEuTXaTxVjUMb1JRp1NN3cbXAn5vYE4P3HdTzhwwoi93QX49vyGsQ5HGg7vwKSEr4BAnmQob87d",67500000000,1628,1628,"2019-07-01 14:10:23+00"
"5d8db209d899fcaa0c5d7b3f442a40e5f1d67fb6f0863595eb23c1b0c6ef1cd9","88dhgzEuTXaUvD2DXuyqDtv1yMq7GwNYac2K3iHxysTzd2a4UXUxSfaJkr1gvDSQqRDQQzvDykoPBXKp",67500000000,4701,4701,"2019-07-04 22:54:07+00"
"d3dcfbe23f3536fc4e250a6b995f01197bb2aba0bd2b7704802c664aaf0921e9","9huLLWqNxFrG3Ax9XFHQA1sarFGw8ox4FbefwahHSjvvXgBhZbk",20000000000,15091,15093,"2019-07-22 08:32:05+00"
"4d55631ac43b905a7babaf83781da26f5d864444d567b4db129bfb8180a3fc32","9gmivCMDsmfiSeg6SWBvXSVwtobuEKBn6aVnJTA4SnN4TZgNYH9",1910000000,55604,55606,"2019-09-16 12:54:04+00"
"8199bcfc12b1763e5ec723894b55f2c2c55712425a25af0ece2760092f57bb6d","9g2bnbYJnURYZaEXgPdAsEhRfovcxE2HuCMv49Ar4gRgtVptWcM",2500000000,55667,55669,"2019-09-16 15:15:21+00"
"ac1851481cb7e559138464e8a7ba764c529d6db2aeb19a7da59b5527c5cea0e3","7g5LhysK7mxX8xmZdPLtFE42wwxGFjpp8VofStb",123456,70980,70982,"2019-10-07 18:35:09+00"
"7221421ec8c0f529ec53ae2feffc96acdacc770c4fcb45d1b3c4eced0a17b2a8","9gKvHQriAWt4b9v5dKjJ7Pb2ZaotqWEJZtnESwBZmTaRcDBCGxB",9297000000,25415,25417,"2019-08-05 08:09:22+00"
"976e15da5e3421a2670a0c0e03beea2f511305d40d0fe864267e69fd08852e2a","9fCYfBpkHrfATcYnpscYGjeC39D14cw7qjrUYpxwXFThp1pt1SA",6220000,55684,55686,"2019-09-16 15:41:16+00"
"2708a6f5a7919103042ea18d79fe992fdf525740b41b6c6f951bc6f40384b795","9g2bnbYJnURYZaEXgPdAsEhRfovcxE2HuCMv49Ar4gRgtVptWcM",5000000000,47461,47463,"2019-09-05 12:55:00+00"
"684afd86097c41a0e7b26a6d42416867a7321a8488a21d34520da6beaa834355","9g2bnbYJnURYZaEXgPdAsEhRfovcxE2HuCMv49Ar4gRgtVptWcM",2000000000,47476,47479,"2019-09-05 13:20:40+00"
"70c125cf9858c3b4adcb138f0c991125c2dc759ea1f7f789126508b969f51f63","9fwcDL7zF3TAwgZV5KuESbmxP1kcHbULXaPLURP3NpUpj2whJwv",60000000000,47998,48000,"2019-09-06 07:18:00+00"
"08d624327343ff915e8d3455f0480e28a60fcea3a5dee975d26631b31325ebb8","9gBk8Wjm2oMjHbigeDuqCA1uDNFyJ1VoHsnYnWunet4oWZAjLgu",200000,128239,128242,"2019-12-26 13:53:23+00"
"3d2bda04a452576e1b9683f0e40327f3c1649d67ea22cea9b800dc21e97a109c","9gBk8Wjm2oMjHbigeDuqCA1uDNFyJ1VoHsnYnWunet4oWZAjLgu",100000,128245,128247,"2019-12-26 14:02:49+00"
"bb9d2b1be96b374810eef09d2d1c2dadb8b26414d335245393649f5fc4e3bfa8","9gBk8Wjm2oMjHbigeDuqCA1uDNFyJ1VoHsnYnWunet4oWZAjLgu",200000,128233,128236,"2019-12-26 13:33:26+00"
"d1f3e65ddb56e636a421608ff55660ccf562450c334b241536f28637e383c348","9gBk8Wjm2oMjHbigeDuqCA1uDNFyJ1VoHsnYnWunet4oWZAjLgu",100000,128883,128885,"2019-12-27 11:04:51+00"
"30f60efcdbc001668d702b5080ba3a1c7bfc0d646199e75ef1690caaf676a2f3","9hQXH4h4EngQZgjZxTMWwZyPgzLqbjE1YJWNnFsnMT1oqkpNr7e",189500000,17333,17335,"2019-07-25 10:50:51+00"
"0bc4ebb8c6f393e9f3be369597fc85f55ee11de012c5f29cc5a193dd19ffbdfd","9f2jcHgXDTqaSbpVcz18EoURdwXfLfJmKa3rJ2vQCtPqL3Uz23T",8437400000,48134,48136,"2019-09-06 11:28:06+00"
"04cc109753b5e47f5b44f4a7fab87dac369b6b0f2e1a158077079b8cbe754883","9gmivCMDsmfiSeg6SWBvXSVwtobuEKBn6aVnJTA4SnN4TZgNYH9",99000000,47500,47502,"2019-09-05 14:02:53+00"
"c0ce2f25460ac6bd4cb391c5cabc118a0490898a340e30d2f7627cb00cbae3f4","9fQyGLRHWfHY3t1aCHJXE4Wq2mUhAts6bngmJ19ZBy2iS4BwksT",1000000000,56952,56954,"2019-09-18 10:09:30+00"
"b8a6a4b5ed10af873ce56f4e65feb99a600b82d04361291c0990545c0ae952e5","GB3kh2izpWKvyZfMboQwsEscjPaZcz9WrzGqZB4ZrkzRreiFMV6HZYWXGMK3rqCjDCoPgWGNzfnYSUhivW4a1VRYPE7uZXwKnBcqWcRkiuTx6QW55EcPcWeELUsumwdtKoFtWY583nWnKZff",10000000000,41942,41944,"2019-08-28 10:52:39+00"
"b4ec8c3a75b9601e6155e88e54927c6a2d7c7633259fb9d3c32f85053b310fd7","9hEE5WbJdaR337Q5ereCpfbVzyv1cozPbgQpVZ4iRe3nrYfWH5q",1487900000,46640,46642,"2019-09-04 07:51:36+00"
"7908a6f1eb3f39d3fd7656a8fbf82e9ea8d01a09d04b9d02a30924bc65525591","88dhgzEuTXaPyyM4rt6HU4Lkv6sW7hrsSzUb7N8dKfR133ohHAC8hUshfXrwnP2b2VUK9vhCsY5AZJk6",67500000000,63476,63476,"2019-09-27 19:37:33+00"
"bc2e78c16e19126d27f20c662afed6f354f1c2d5947d9994a0d668d5ee137bff","9fMPy1XY3GW4T6t3LjYofqmzER6x9cV21n5UVJTWmma4Y9mAW6c",1000000,96592,96594,"2019-11-12 12:26:31+00"
"0e01b19fdf280257791134e9513c51948b31284e9d52ba879fa4a05a07566fb2","9iDwgh2R6reuNNKhkQ1ijTJB7pJFyaa6ooTSgU4RK6G4S1c6gbg",100000,87918,87920,"2019-10-31 13:40:53+00"
"26d6e08027e005270b38e5c5f4a73ffdb6d65a3289efb51ac37f98ad395d887c","9hHDQb26AjnJUXxcqriqY1mnhpLuUeC81C4pggtK7tupr92Ea1K",10000000000,113335,113337,"2019-12-05 20:08:35+00"
"b50ed8c2953fd33b52af816c4caa63ec5b6d236a262a5a192534695c3478da78","9hHDQb26AjnJUXxcqriqY1mnhpLuUeC81C4pggtK7tupr92Ea1K",1000000,123131,123133,"2019-12-19 12:11:43+00"
"e050a3af38241ce444c34eb25c0ab880674fc23a0e63632633ae14f547141c37","9hHDQb26AjnJUXxcqriqY1mnhpLuUeC81C4pggtK7tupr92Ea1K",1000000,123135,123137,"2019-12-19 12:19:48+00"
"4ed29111b2368abcd94cd66184cfdefdc5c675a9788f78ef5cd34b34a22a3375","9iCxAizK2qCbFLVWgwj3QNY889FtUu5JFya8S8FaXupYkRzoZU5",4897100000,121498,122220,"2019-12-18 10:55:11+00"
"ac40bd42de81206e833928c8e93d532437033dc958ebba009b85e39f1986ef1a","9edr8fSumWNxQGJCKCmmwJKCTYpvEiQB8TahQkaXtsNkRKDpsXR",4000000,121505,122227,"2019-12-18 11:04:15+00"
"24cbf5b8bbecbb81f6bd36ef9a13255e55e72dbb781e8bdddee1ae02c9166fda","9g9XmMxvrSTCadjfomjR3wRFxq1AjCdvg2WepitY8J9dn5noe9G",1100000,121682,122404,"2019-12-18 15:53:08+00"
"4fe34aaeca9a87afa88b854ed5ff114cffa01a2bf1b0e948c550398f8006c757","88dhgzEuTXaRhf6vqUspYKGc1PHhXYCfXhFFoCeibwgueZjWdPu3hCU78Rg4wBF8iLhZ8aoXPDQDGBpM",67500000000,4159,4159,"2019-07-03 21:10:27+00"
"4df367b6774ca12cb248a5b950c3f489e09fa6ba377310cdb1f50f933d6b75f0","9gvntmamtFBmkULfwzmX3iLdF4PPQu8AyPcoucq8FgRRu7EajSW",4900000000,6666,6668,"2019-07-08 21:24:31+00"
"63dec5ac9e056e7fa67581497b00a444ee5069f2e7a99bc5b618aad5f14ada8f","9fy5cSgKXUjjVpBT9oeFb4241CeAQtapMwkMS7myBiczFc1Q7hb",8000000,5932,5934,"2019-07-07 10:48:09+00"
"18fbb72a7c69a6c4c63464a7a347bc4819ebc68b86186190f81f0fa3e854b9ca","9gLhiPioW7RYoc9o5Ypcid4YZCQxuxR61J27bRWCTUBABXpzzyj",100000000000,4052,6594,"2019-07-08 18:14:54+00"
"468e06105401fc144d6906160c7529fb18d6659b73615ff59784d7ceb734ab62","9fbgkanmEpJu1CBxLGThz6WxwRh6hCiScHfbNkcCmyysiumCXrZ",2000000,8104,8106,"2019-07-11 16:13:32+00"
"c163c7ec19a45795e2423f69a7e81d7bee787f25aa6640f53b612ced7bec9494","9hcCHABYUknweQrsQtg2bpAK94Xq5javJndqvoNFckgLotu5sax",3000000,8104,8106,"2019-07-11 16:13:32+00"
"40123054bd5ac99d9acbb1c555857bd66c79be938cafd708f3e500a1a6740825","9gKvHQriAWt4b9v5dKjJ7Pb2ZaotqWEJZtnESwBZmTaRcDBCGxB",268000000,30445,30447,"2019-08-12 06:20:47+00"
"f960da934b83c256bc778339f7eab031c9b08aaaa6a76ac004f6b7176e37f4fd","9fbELaPk9nJzK2kjqY2yVtU1p51f8D2WgHc9mdnoetocM7NT5Z6",198000000,30474,30476,"2019-08-12 07:20:31+00"
"abc07a8f84a303fa589c340508a93832a41ba89ea9530915296d531c57d1e471","9hp52dWJkUNMm5aHm5mNg8wNyhHCZk7QaWVC5iN1nxjbL2k7jLs",100000000,30655,30657,"2019-08-12 13:37:37+00"
"4dafb026bdd48c1bedc21cde6af125f336f4d13cb59067f8df12ee76e6248921","9hp52dWJkUNMm5aHm5mNg8wNyhHCZk7QaWVC5iN1nxjbL2k7jLs",100000000,31958,31960,"2019-08-14 11:41:52+00"
"98134ec96566fefa16dd6a6d20facce9789106feca17fe42dcacf1a340474627","9fyRnsRR3WMALB1ParTv8a5kweZZc8YzLMmtchRHoCz9YFUgcCY",790300000,32539,32541,"2019-08-15 07:28:27+00"
"09c1af4fa0d11ae5c19a5470296f875b2aea34789722b9f4c9c2557d0f5b8a7d","9iHqeg9Kvo1FMJhCcDfZKxLxpAzdWE9bjLB6xBYwXGxhTBDxxwF",1017000000,63694,73013,"2019-10-10 20:28:17+00"
"9987cd30d0039408980bf56a2f427d48d3c0daa50bcfa3071ece4c56e9052299","9fCYfBpkHrfATcYnpscYGjeC39D14cw7qjrUYpxwXFThp1pt1SA",100000,60603,60605,"2019-09-23 12:56:39+00"
"ecb2a53d48cc55ad702448c28f885c4cdc93ea98058bad378062855719613ac2","88dhgzEuTXaPyyM4rt6HU4Lkv6sW7hrsSzUb7N8dKfR133ohHAC8hUshfXrwnP2b2VUK9vhCsY5AZJk6",67500000000,94093,94093,"2019-11-09 00:50:23+00"
"270f80d5e2719df2e11bd0406dfe8e1d5ae9adac8f0a3b99ea32c695b849bb9c","9g5LodX3YqeCnwGQbAfYZpbQnAaLMF1vyNd9EHxH4fCWb7uRAip",499000000,82007,82010,"2019-10-23 09:06:12+00"
"777e0d324ef76d8d54365571760787025c5ee2db946460346ec0a982297a4cc5","9gBk8Wjm2oMjHbigeDuqCA1uDNFyJ1VoHsnYnWunet4oWZAjLgu",100000,131082,131084,"2019-12-30 10:45:52+00"
"a456c49d61dd3043320edfd2fbce734e4cf902f72a188fb518841d8f4acc5647","88dhgzEuTXaRqsp2nZs1uBNYedZFyCwTp7hYjWk23xt1pysyA1Roe5XawKRa7Y3cf6x12vErz6Afsbuw",67500000000,68675,68675,"2019-10-04 14:25:12+00"
"3034f1ec24081a243db7725b922fc12593a2c9f77df5ee1f676d6ab7838de557","9ggZEc257dggXFWAPxDJGNFd1F4orGknUMsAXfrnceFvzHF4apg",521000000000,93556,93558,"2019-11-08 08:36:47+00"
"ba0f116ece6658e684abb9935c2d0bc19790650bd2a8c759a2b19b6b3b5c5d9c","9hEK8epXkHFz6a55sL15fvnhb9o4Y7MB8QLEeRWr1ouXN7aFd34",156881400000,124692,124694,"2019-12-21 13:04:13+00"
"f43ed8a79cdd860ae9d2bae6a04b76ee44728427cb29969a6882e5c284a66a19","9gBk8Wjm2oMjHbigeDuqCA1uDNFyJ1VoHsnYnWunet4oWZAjLgu",100000,128877,128879,"2019-12-27 10:55:11+00"
"d4a129e3f871ba4364909b875d73d14312e20b2602366f674424020becff23bf","9gBk8Wjm2oMjHbigeDuqCA1uDNFyJ1VoHsnYnWunet4oWZAjLgu",100000,128139,128142,"2019-12-26 10:28:41+00"
"535d2691d8c76cf16ed1541338911f4f0500d5e4155b9a154fe65904e1dc31d4","9g2bnbYJnURYZaEXgPdAsEhRfovcxE2HuCMv49Ar4gRgtVptWcM",1000000,63409,63411,"2019-09-27 17:01:27+00"
"f0082753a871191c7a8da485add1c56d5277de741e3445d61fa0183b402820b9","9giTRQvSaAjfSGXZgSV1jE6JyNPv8kYdGmxn3qDYT4cF6oTEumS",53280,36868,36880,"2019-08-21 18:51:32+00"
"27c413bdffaf9dd17c30aa747d2ab70d80624be83b05d3ef301d233581107a7a","9fyfJQUa2kNMByaNu1NwvXzuwUVAd2HUYYBFw3CMX2aSQNUCS44",191000000,54346,54348,"2019-09-14 17:41:16+00"
"7777ead57826bd2df1921a6f6ba968c3d0030cdb76c31bfed6564e4900e7c496","9gb2d7R94AV2sUgoGW9HWpAQzNhvp4h9fYQfu51omUbJpHxPZms",299900000000,54449,54451,"2019-09-14 20:52:08+00"
"3dfe1e55b089cc1bf0a2f91d44602bc065a6493688c0b1bd7cf8f45e8dc0a3d9","9gBSqNT9LH9WjvWbyqEvFirMbYp4nfGHnoWdceKGu45AKiya3Fq",40382350000,54917,54919,"2019-09-15 12:47:30+00"
"d803c85bd10baf11da9d3a2ba691c629bb32aa6df4a9c7091896b4ed556a56a6","9hsz7Vu9dHMcvkqKVNzkkyxX1gkiaL8RgM6o1eCF4cdx8CGsG65",1497000000,40565,95241,"2019-11-10 16:13:43+00"
"6fcba2dced659f139f039ef91ac57a77f6625ba3a5b2027edde7a8733f507d4d","9fjo2FEBvkpJkq7TB5eaqcT3zUcokDRSL4JaGpEonLr9cS1JZZ2",1997900000,106497,106499,"2019-11-26 12:08:29+00"
"be09c953b7f8b2117d0016ed188f33f15144c4478e96cbd22cf1b44acb78ad6c","9fqPbqtTbp9xeBsiZGwqJtgcigSMkjBAJdDmQueviGKeagnU42n",1000000,111673,121294,"2019-12-17 09:34:49+00"
"fddfc8bb81c0567f89dfbf0b9c805334799c6e258facfc0ef0228241fd19c867","9gBk8Wjm2oMjHbigeDuqCA1uDNFyJ1VoHsnYnWunet4oWZAjLgu",100000,128938,128940,"2019-12-27 12:42:05+00"
"b2cd61795d498abf93a7cfbb1e193f6e4d9d4d7f470ab0a0379d7a95beafaa7f","9gBk8Wjm2oMjHbigeDuqCA1uDNFyJ1VoHsnYnWunet4oWZAjLgu",100000,131106,131109,"2019-12-30 12:24:20+00"
"ebfc4a104e0f142aa860ecd58412ea63c496348726677d6cab5beb4fd4664292","88dhgzEuTXaTxVjUMb1JRp1NN3cbXAn5vYE4P3HdTzhwwoi93QX49vyGsQ5HGg7vwKSEr4BAnmQob87d",67500000000,913,913,"2019-07-01 12:49:44+00"
"5561932f6e740193adbe7f52cd9992e481a2de3478d5c84fbde7df6dc18ce921","88dhgzEuTXaTxVjUMb1JRp1NN3cbXAn5vYE4P3HdTzhwwoi93QX49vyGsQ5HGg7vwKSEr4BAnmQob87d",67500000000,962,962,"2019-07-01 12:55:05+00"
"de900e550491eb1040e1cca82f22daaf56eac7058e7ef3a0ac416a95cb8a87c0","88dhgzEuTXaTxVjUMb1JRp1NN3cbXAn5vYE4P3HdTzhwwoi93QX49vyGsQ5HGg7vwKSEr4BAnmQob87d",67500000000,979,979,"2019-07-01 12:57:10+00"
"3d6b7a758d0a8448c0c954f4bc47862035be0c470d66ee6ab6b33c2f7dbf40d3","88dhgzEuTXaTxVjUMb1JRp1NN3cbXAn5vYE4P3HdTzhwwoi93QX49vyGsQ5HGg7vwKSEr4BAnmQob87d",67500000000,718,718,"2019-07-01 12:28:42+00"
"57d397ce5c8c5a8455dd9b994c7595a548bd6c2a21c06aa258a5b8d350ca427c","88dhgzEuTXaTxVjUMb1JRp1NN3cbXAn5vYE4P3HdTzhwwoi93QX49vyGsQ5HGg7vwKSEr4BAnmQob87d",67500000000,732,732,"2019-07-01 12:30:16+00"
"e1445cc892a368f14c9598b77811628088cc8459fc6e798b87c18ac2fb2ecb66","88dhgzEuTXaTxVjUMb1JRp1NN3cbXAn5vYE4P3HdTzhwwoi93QX49vyGsQ5HGg7vwKSEr4BAnmQob87d",67500000000,743,743,"2019-07-01 12:31:23+00"
"ffff1c21da2337e8e06477ec8bf6782fc9ddd4be1340bab858908dbe2ed4419d","88dhgzEuTXaTxVjUMb1JRp1NN3cbXAn5vYE4P3HdTzhwwoi93QX49vyGsQ5HGg7vwKSEr4BAnmQob87d",67500000000,1046,1046,"2019-07-01 13:04:54+00"
"df9900f9fa87e55df3ae94e45040e292b4632fe13df60044f1dfb40d85a4eed9","88dhgzEuTXaTxVjUMb1JRp1NN3cbXAn5vYE4P3HdTzhwwoi93QX49vyGsQ5HGg7vwKSEr4BAnmQob87d",67500000000,1087,1087,"2019-07-01 13:09:19+00"
"423fd572c285c92df6a2b6f23fc9a99f1dbbea3e19209cf281816d040d061c58","88dhgzEuTXaTxVjUMb1JRp1NN3cbXAn5vYE4P3HdTzhwwoi93QX49vyGsQ5HGg7vwKSEr4BAnmQob87d",67500000000,779,779,"2019-07-01 12:35:28+00"
"6f67d79e560769251baea67612d8beeaf13c89181c18a274c35858dc9cdeeb51","88dhgzEuTXaS2R3qC3Z4sQ6YdjPgNgPLVyhEySLzE1JUk3FaWLDZ6S89o2R1vSqEaVXoCBGXutN1Usb7",67500000000,367,367,"2019-07-01 11:48:51+00"
"1227566a69a6e7a9d3e7cfc1f2dfa48a1b367388e3dc59d695d652f939e82bd1","88dhgzEuTXaTxVjUMb1JRp1NN3cbXAn5vYE4P3HdTzhwwoi93QX49vyGsQ5HGg7vwKSEr4BAnmQob87d",67500000000,1202,1202,"2019-07-01 13:22:03+00"
"483e4d78470dd4d6793832118835bf82b8d13a7051d8e18cf45c6bf057456c20","88dhgzEuTXaTxVjUMb1JRp1NN3cbXAn5vYE4P3HdTzhwwoi93QX49vyGsQ5HGg7vwKSEr4BAnmQob87d",67500000000,857,857,"2019-07-01 12:43:32+00"
"96c813b4b3a254a7cab0711622c3492b9446bff30cb9e4461d9011f054334b1c","88dhgzEuTXaRqsp2nZs1uBNYedZFyCwTp7hYjWk23xt1pysyA1Roe5XawKRa7Y3cf6x12vErz6Afsbuw",67500000000,17595,17595,"2019-07-25 22:01:05+00"
"3366d63bf48adec9a26c61b28e1f136b4c7f919911125550a43f313fbb7d3c35","88dhgzEuTXaRiEgjbbuxUbhrhv3jQ9VqvFP5hb6XwwvAt8FTSQAwQDYHrgoMAb28rL7NgzSfBjZeKUHA",67500000000,648,648,"2019-07-01 12:20:28+00"
"c77682d6fe8e32d6b39b8993ab964034d297c9812d63810eaac81e8dae13aa51","88dhgzEuTXaTxVjUMb1JRp1NN3cbXAn5vYE4P3HdTzhwwoi93QX49vyGsQ5HGg7vwKSEr4BAnmQob87d",67500000000,912,912,"2019-07-01 12:49:36+00"
"eef5e31ab41f431fecf283c37bf8a97dfa6b90af58bc746799bec9d6658450f0","88dhgzEuTXaTxVjUMb1JRp1NN3cbXAn5vYE4P3HdTzhwwoi93QX49vyGsQ5HGg7vwKSEr4BAnmQob87d",67500000000,930,930,"2019-07-01 12:51:26+00"
"02d6c4a9f6ed5144c4b0038fbb613f6d2aaed789681a5fa5363584e29514311c","88dhgzEuTXaTxVjUMb1JRp1NN3cbXAn5vYE4P3HdTzhwwoi93QX49vyGsQ5HGg7vwKSEr4BAnmQob87d",67500000000,1026,1026,"2019-07-01 13:02:24+00"
"98009e0061aa56bdce5553688088a5966a129c53d71c01344ce007eac582937f","88dhgzEuTXaTxVjUMb1JRp1NN3cbXAn5vYE4P3HdTzhwwoi93QX49vyGsQ5HGg7vwKSEr4BAnmQob87d",67500000000,1089,1089,"2019-07-01 13:09:31+00"
"381e1867e2296cd409340f637055ca0e1902790879fc61d2824952a70ad17d64","88dhgzEuTXaTxVjUMb1JRp1NN3cbXAn5vYE4P3HdTzhwwoi93QX49vyGsQ5HGg7vwKSEr4BAnmQob87d",67500000000,1098,1098,"2019-07-01 13:10:30+00"
"5bb337f229457e697be64333cc70bbbad58497569cf745a7eab3d66fa2db5d8b","88dhgzEuTXaTxVjUMb1JRp1NN3cbXAn5vYE4P3HdTzhwwoi93QX49vyGsQ5HGg7vwKSEr4BAnmQob87d",67500000000,1102,1102,"2019-07-01 13:11:02+00"
"d423075578b7cf529126ea5ef78d52ba373016804df77e0786ccc890254cd5c2","88dhgzEuTXaTxVjUMb1JRp1NN3cbXAn5vYE4P3HdTzhwwoi93QX49vyGsQ5HGg7vwKSEr4BAnmQob87d",67500000000,1107,1107,"2019-07-01 13:11:39+00"
"a20d515a2d30c8bac1e7e893c9993d1a8886c24a9edf02e8d4faffa297f0e42e","88dhgzEuTXaTxVjUMb1JRp1NN3cbXAn5vYE4P3HdTzhwwoi93QX49vyGsQ5HGg7vwKSEr4BAnmQob87d",67500000000,1120,1120,"2019-07-01 13:13:09+00"
"7c216fa24cd7bcfdbfa3d46c6a9022c16e110bfcf98a6f928b63c1ca92363c00","88dhgzEuTXaTxVjUMb1JRp1NN3cbXAn5vYE4P3HdTzhwwoi93QX49vyGsQ5HGg7vwKSEr4BAnmQob87d",67500000000,1137,1137,"2019-07-01 13:15:07+00"
"b8e3db303d0be5a52ae32fb05800525e11eae6831635eea4f21a9a7a1ea0b4c8","88dhgzEuTXaTxVjUMb1JRp1NN3cbXAn5vYE4P3HdTzhwwoi93QX49vyGsQ5HGg7vwKSEr4BAnmQob87d",67500000000,1174,1174,"2019-07-01 13:19:12+00"
"2dec8e8a87bc6d6b359e86005a70b5afccc5fe89bb9712a1952163c374cf3a76","88dhgzEuTXaTxVjUMb1JRp1NN3cbXAn5vYE4P3HdTzhwwoi93QX49vyGsQ5HGg7vwKSEr4BAnmQob87d",67500000000,1205,1205,"2019-07-01 13:22:20+00"
"bcfc772f9a89ad20790f7a8b85ca5e53d6242aeeff943f0792d234acad5181fd","88dhgzEuTXaTxVjUMb1JRp1NN3cbXAn5vYE4P3HdTzhwwoi93QX49vyGsQ5HGg7vwKSEr4BAnmQob87d",67500000000,1221,1221,"2019-07-01 13:23:59+00"
"29ea9bf7e5548c27755151ec0ff65c56d0f253b2052b14c9d6bbbfa491beb427","88dhgzEuTXaR9rin4tDjFVPqcB4sWXZghtinXHBMmQ99DQ15QgvZY7h16G5zeNi7rkPgGBeWBhHEjZg4",67500000000,4679,4679,"2019-07-04 22:04:04+00"
"f6e8e88ea57b9fdd2abc6559d46eb63f14e9946c53d5444e5f875bd293471bc6","88dhgzEuTXaTxVjUMb1JRp1NN3cbXAn5vYE4P3HdTzhwwoi93QX49vyGsQ5HGg7vwKSEr4BAnmQob87d",67500000000,1608,1608,"2019-07-01 14:08:23+00"
"0ca023fd77cd652f0734a29aa40c3db476e249065b2a635d4040447e4b14e585","88dhgzEuTXaV3BmdZxiACfQUe3wRKQQXRf7RoNrryixXWtFMqWwrpLZAecqGdm7LKVfNGHToxnBt9WhD",67500000000,2337,2337,"2019-07-01 16:57:03+00"
"03643e169e90ff280ca8c6c56a546f975299942fb7ab6c6ca1abe13e852bc6d3","88dhgzEuTXaTxVjUMb1JRp1NN3cbXAn5vYE4P3HdTzhwwoi93QX49vyGsQ5HGg7vwKSEr4BAnmQob87d",67500000000,1624,1624,"2019-07-01 14:09:58+00"
"d23bcf62730b83c1d99e4d156b334fd522a8fcfa23edc4e0056f1cd3a4fb0967","88dhgzEuTXaTxVjUMb1JRp1NN3cbXAn5vYE4P3HdTzhwwoi93QX49vyGsQ5HGg7vwKSEr4BAnmQob87d",67500000000,1633,1633,"2019-07-01 14:11:08+00"
"eb73a48270b490529ccf052e70c667c4836a2799e65ab974eceda82df30b5438","9heP7nBJRtSD9nEgJ4LSexPMtsoweLX8Gtp92LNLMcu2xdUp1EH",5000000000,5,3850,"2019-07-03 08:20:58+00"
"16c29667d28f7cacadd0bb02165575a25f06eb396f4fbe0e311523129061ff2a","9ghmd4QqqMYVDsZ8t4bZFqDCGtM5dh5UQjakKGBPRWgsYzBN9CP",5000000000,5,3850,"2019-07-03 08:20:58+00"
"b312a84766b397fa1c6e08e3e9a39a5c14ad43a8eb265e479dd93d928be17246","9h6DT44xdB6C6nTosNZQVDZusMscGuEFqccQNocKrj165C7G6hf",5000000000,5,3850,"2019-07-03 08:20:58+00"
"822c5488af10bc76c2cac2a387d1595c3c2d98d27f2e55181e36c471e7c9aaf2","9g2bnbYJnURYZaEXgPdAsEhRfovcxE2HuCMv49Ar4gRgtVptWcM",2000000000,55564,55566,"2019-09-16 11:21:25+00"
"e987334ff27ada32513a7a97cc2d28a3296f8c8f11cee62c43e90cbf969b0cf1","9g2bnbYJnURYZaEXgPdAsEhRfovcxE2HuCMv49Ar4gRgtVptWcM",111100000,47453,47455,"2019-09-05 12:41:29+00"
"6cec418777b0ea0aa82be56e5eb03a3f8889fccdc0496133b6f73bb70ee2b5ec","4MQyMKvMbnCJG3aJ",1000000,48224,48226,"2019-09-06 14:13:37+00"
"d593047035dcb33ed2722cb0ade49326516940c859b980bbea8a74500be6c83e","9hR8SC8GcPfse8vScLZ6fNkn8JtaQZgnKziqoQ3H5SPCPtY5JgC",2000500,72060,72062,"2019-10-09 08:27:07+00"
"616b0c548440839a06c42d261cee1480127da70968d8cda512a85b89860fde29","9hR8SC8GcPfse8vScLZ6fNkn8JtaQZgnKziqoQ3H5SPCPtY5JgC",2000100,72121,72123,"2019-10-09 10:09:11+00"
"9b340801a49fcff37d02ee766411fc01c49730681aaffa3cf8948f54f78b387a","9hR8SC8GcPfse8vScLZ6fNkn8JtaQZgnKziqoQ3H5SPCPtY5JgC",2782199300,72388,72391,"2019-10-09 19:34:46+00"
"800add4bc18849dc5b0d418148e97b21d94b9aad9a1599841355241fd366506e","9fwdXPfSHXTPohBHac1BxzjpDLRTbiv7kR1fu8LJpGEAPNpK9ct",5009000000,48134,51304,"2019-09-10 12:35:48+00"
"a94b07a0b56963fe0755ee634f48b2a851c72104f0461f017cadf2b90a307078","9fnoF1AqhWqeoew6oC1xkPTHqZLuV5XDFvu1oAF5K19nY68B3SZ",4000000,47956,51836,"2019-09-11 06:33:13+00"
"7178424cd99330c1842687ce7260f2128577d5bba5c0965b41b08792295250db","88dhgzEuTXaQDMRJ7g2WSkUc73493YeqMjaWkQPdU4eA2FwW1gNmsjmHxyyKKp8j53BVi3twWLtd18hC",67500000000,92752,92752,"2019-11-07 03:57:53+00"
"7738754f440a40b83b86be23613f55ae75bf7d18b75ee323b2d9ba34abbd4b80","88dhgzEuTXaUZZJ8uhY8BLdrmaupZaJiFUc2nq2EZSBsMh3cEHi6damynCJUPehEiZCPuznyMQpQQsa6",67500000000,93046,93046,"2019-11-07 14:06:38+00"
"4c8e4a885f8a9ac2572db618a313abad84bf1202fb2cbd2913140701e2056b58","9fqPbqtTbp9xeBsiZGwqJtgcigSMkjBAJdDmQueviGKeagnU42n",5111360000,123256,123258,"2019-12-19 15:47:01+00"
"f85c8cc5a67851cfaa62520c5e273f50f0887fd37d46abeefbf816c4911e39ae","9gBk8Wjm2oMjHbigeDuqCA1uDNFyJ1VoHsnYnWunet4oWZAjLgu",1000000,127367,127369,"2019-12-25 08:36:47+00"
"1cc2c445738119289058f1ab0257d82ec70c510fafc29203cc227616fbbf9133","9gBk8Wjm2oMjHbigeDuqCA1uDNFyJ1VoHsnYnWunet4oWZAjLgu",100000,128095,128097,"2019-12-26 09:00:30+00"
"be657b8b9a567a8adb51b442c8df28a828a216c49a590c99570fd1314ff209da","88dhgzEuTXaTsehUaykaK9AisEAJ9ug1S47GonXihmoz4g8gXXc3j8k9H474a8XqYetYKzBYcciUxdqn",67500000000,38881,38881,"2019-08-24 07:18:29+00"
"bcaf6ec8436fa871fc79eb3a438336d652080c7c71c04825961de1502a8ee66d","9hayStHGM6uQFMWV5S6pBmPpAJ4nM5ABUQxzrRmGhzUemxFhhtd",2000000000,81207,81209,"2019-10-22 07:53:10+00"
"3349c283e64ee89da6905ce95e2c50996fba75fa1f6cf438a1cd468e875e89e6","9ejpcGNKq8Bk41C9hi3sjbRCegBRyKQuDQbUQ1L5k5bghpTPRhE",7000000,98526,98528,"2019-11-15 04:21:34+00"
"c5467d5b6b3d9f33147a4cad2506fffd5721fa1026add0c09e2432d3ecce1743","9g2bnbYJnURYZaEXgPdAsEhRfovcxE2HuCMv49Ar4gRgtVptWcM",57600,96844,96846,"2019-11-12 20:44:16+00"
"3c179eaebe8823d403081391368852f6c63b354753c387b1fe013122ec8da983","9edr8fSumWNxQGJCKCmmwJKCTYpvEiQB8TahQkaXtsNkRKDpsXR",999800000,121505,122227,"2019-12-18 11:04:15+00"
"e532b7f8b1ada297684413f89c3ce0ad01bcfec468eeacb721bd6667358d9c8a","9fyfJQUa2kNMByaNu1NwvXzuwUVAd2HUYYBFw3CMX2aSQNUCS44",650000000000,54917,54919,"2019-09-15 12:47:30+00"
"3bb2de047d2452ed219c603cdff1ce0af530232ccad3720b77f42841143e53b7","9fjo2FEBvkpJkq7TB5eaqcT3zUcokDRSL4JaGpEonLr9cS1JZZ2",100000,106497,106499,"2019-11-26 12:08:29+00"
"1df0106fd9c33ffbab6f53f50d528fa098a2f4b5c9814227d1c046e01af0c6d8","9hmJkuNzhLFnBWhwKTLYc2mhANbQWHRc5hH8Arr9JvxG1WJYZR2",9041700000,68574,68576,"2019-10-04 11:33:17+00"
"31cff6ac2e8a0499533fc338c4cc0eace8e8ec0476382f46da207ff72c9585ed","88dhgzEuTXaQDMRJ7g2WSkUc73493YeqMjaWkQPdU4eA2FwW1gNmsjmHxyyKKp8j53BVi3twWLtd18hC",67500000000,92915,92915,"2019-11-07 09:33:51+00"
"5a8f513a64c533ab1d058c6fa090f8319cc9f32479c280258f5e9f5533789c1a","9gBk8Wjm2oMjHbigeDuqCA1uDNFyJ1VoHsnYnWunet4oWZAjLgu",100000,128101,128103,"2019-12-26 09:17:08+00"
"eb14553aea9a633c1ec56b933d5363d8d00a827193fc68de5ff26e7375acfccc","9gBk8Wjm2oMjHbigeDuqCA1uDNFyJ1VoHsnYnWunet4oWZAjLgu",100000,128157,128159,"2019-12-26 10:58:17+00"
"bdb94ded4448306ab7294a3efe71024a105254963e4d68378a06b88c4e9bdf49","9gBk8Wjm2oMjHbigeDuqCA1uDNFyJ1VoHsnYnWunet4oWZAjLgu",100000,128186,128188,"2019-12-26 12:03:59+00"
